{
  "schemaVersion": 1,
  "id": "craftingpp",
  "version": "${version}",

  "name": "Craftingpp",
  "description": "Nothing there",
  "authors": [
    "Cjsah",
    "ruhuasiyu"
  ],
  "contact": {
    "homepage": "http://www.cjsah.net/",
    "sources": "https://github.com/cjsah/cpp-fabric"
  },

  "license": "GPL-3.0",
  "icon": "assets/cpp/icon.png",

  "environment": "*",
  "entrypoints": {
    "main": [
      "net.cjsah.cpp.Craftingpp"
    ],
    "client": [
      "net.cjsah.cpp.CraftingppClient"
    ]
  },
  "mixins": [],

  "depends": {
    "fabricloader": ">=0.7.4",
    "fabric": "*",
    "minecraft": "1.16.x"
  },
  "suggests": {
    "flamingo": "*"
  }
}
